1,Shariar,shariar@gmail.com,01,Shariar,Student,10000.0,500.0,false,true,Dhaka,Dhaka,PRESIDENT,CENTRAL
2,Maruf,maruf@gmail.com,01,Maruf,Student,10000.0,500.0,false,true,Dhaka,Dhaka,PRESIDENT,DIVISIONAL
5,Rizwan,rizwan@gmail.com,01,Rizwan,Student,10000.0,500.0,false,true,Dhaka,Dhaka,PRESIDENT,DISTRICT
6,Siam,siam@gmail.com,01,Siam,Student,10000.0,500.0,false,true,Dhaka,Dhaka,MEMBER,DISTRICT
3,Bappy,bappy@gmail.com,01,Bappy,Student,10000.0,500.0,false,true,Dhaka,Dhaka,MEMBER,DISTRICT
